{"cameraMode":{"drawMode":0,"name":"Shaded","section":"Shading Mode"},"sceneLighting":false,"audioPlay":false,"sceneViewState":{"showFog":true,"showMaterialUpdate":true,"showSkybox":false,"showFlares":true,"showImageEffects":true,"showParticleSystems":true},"in2DMode":false,"pivot":{"x":-2.7793796062469484,"y":-0.29961490631103518,"z":0.5247087478637695},"rotation":{"x":0.02771664597094059,"y":-0.9720937013626099,"z":0.15469230711460114,"w":0.17417208850383759},"size":15.726893424987793,"orthographic":false}