{"cameraMode":{"drawMode":0,"name":"Shaded","section":"Shading Mode"},"sceneLighting":false,"audioPlay":false,"sceneViewState":{"showFog":true,"showMaterialUpdate":true,"showSkybox":false,"showFlares":true,"showImageEffects":true,"showParticleSystems":true},"in2DMode":false,"pivot":{"x":-0.34352728724479678,"y":1.3178998231887818,"z":-0.7446379661560059},"rotation":{"x":-0.0946618914604187,"y":0.011361140757799149,"z":-0.001080294605344534,"w":-0.995444118976593},"size":2.77679705619812,"orthographic":false}