{"cameraMode":{"drawMode":0,"name":"Shaded","section":"Shading Mode"},"sceneLighting":false,"audioPlay":false,"sceneViewState":{"showFog":true,"showMaterialUpdate":true,"showSkybox":false,"showFlares":true,"showImageEffects":true,"showParticleSystems":true},"in2DMode":false,"pivot":{"x":0.0,"y":0.694171130657196,"z":0.11654961109161377},"rotation":{"x":-0.0030286028049886228,"y":-0.9904118776321411,"z":0.13634993135929109,"w":-0.021999748423695566},"size":6.152616500854492,"orthographic":false}